,event,logIndex,transactionIndex,address,blockNumber,sender,to,shares,amount0,amount1
0,Deposit,776,110,0xf7B1ab2545451b60345FA3aB8C5210d53c703c98,40309302,0x11111D16485aa71D2f2BfFBD294DCACbaE79c1d4,0x11111D16485aa71D2f2BfFBD294DCACbaE79c1d4,594298642520418,1000000000000000000,0
1,Deposit,183,44,0xf7B1ab2545451b60345FA3aB8C5210d53c703c98,40349295,0x3faBe6F79f5119336886bbbDfc0B0853DC831919,0x3faBe6F79f5119336886bbbDfc0B0853DC831919,15076993100985503916,25377000000000000000000,0
2,Deposit,293,62,0xf7B1ab2545451b60345FA3aB8C5210d53c703c98,40350034,0x12C7824845440DA1B0eBfcB33E15CCDB07bceA63,0x12C7824845440DA1B0eBfcB33E15CCDB07bceA63,2957560693233471896,5000000000000000000000,0
3,Deposit,279,57,0xf7B1ab2545451b60345FA3aB8C5210d53c703c98,40386973,0x3faBe6F79f5119336886bbbDfc0B0853DC831919,0x3faBe6F79f5119336886bbbDfc0B0853DC831919,14836752546991728429,25186000000000000000000,0
4,Deposit,168,39,0xf7B1ab2545451b60345FA3aB8C5210d53c703c98,40738662,0x9A58027d612e1FB991C477c753Bef295f943A477,0x9A58027d612e1FB991C477c753Bef295f943A477,5780330072285917,9910000000000000000,0
5,Deposit,391,101,0xf7B1ab2545451b60345FA3aB8C5210d53c703c98,40807930,0x12C7824845440DA1B0eBfcB33E15CCDB07bceA63,0x12C7824845440DA1B0eBfcB33E15CCDB07bceA63,1750183004334827744,3000000000000000000000,0
6,Deposit,245,54,0xf7B1ab2545451b60345FA3aB8C5210d53c703c98,41388296,0x7A28e7EAc7b5Ec02C090B5eBc37EFEe5c65794c1,0x7A28e7EAc7b5Ec02C090B5eBc37EFEe5c65794c1,1164447141368450,2000000000000000000,0
7,Deposit,140,32,0xf7B1ab2545451b60345FA3aB8C5210d53c703c98,41767685,0x12C7824845440DA1B0eBfcB33E15CCDB07bceA63,0x12C7824845440DA1B0eBfcB33E15CCDB07bceA63,1149492318602563652,2000000000000000000000,0
8,Deposit,297,28,0xf7B1ab2545451b60345FA3aB8C5210d53c703c98,41945578,0xC9a037ea11BB2977aD994f3facC0Fa050E64B0Fa,0xC9a037ea11BB2977aD994f3facC0Fa050E64B0Fa,1143082913915363538,2000000000000000000000,0
9,Deposit,144,34,0xf7B1ab2545451b60345FA3aB8C5210d53c703c98,41987293,0xFFc14dF86148C538e149283d33FE0ac141e755F1,0xFFc14dF86148C538e149283d33FE0ac141e755F1,581156352745596034,1019000000000000000000,0
10,Deposit,221,67,0xf7B1ab2545451b60345FA3aB8C5210d53c703c98,42079860,0xA5cE107711789b350e04063D4EffBe6aB6eB05a4,0x12C7824845440DA1B0eBfcB33E15CCDB07bceA63,1706965486607949541,3000000000000000000000,0
